id;email;firstname;lastname
1;Jefferey_Reinger87@yahoo.com;Gorgeous deposit digital;Guyana Dollar Steel Credit Card Account
2;Rafaela73@hotmail.com;iterate;Papua New Guinea system South Dakota
3;Esta_McGlynn79@hotmail.com;Buckinghamshire COM;Steel
4;Johnson35@hotmail.com;GB Intelligent Central;program solid state
5;Evans95@hotmail.com;Run;Facilitator proactive Balboa US Dollar
6;Anita57@yahoo.com;withdrawal Honduras 4th generation;teal Legacy Bedfordshire
7;Kaleb82@gmail.com;Myanmar circuit;Tasty
8;Verda81@gmail.com;payment;radical Sleek Concrete Mouse Intuitive
9;Everett53@hotmail.com;International Open-source transmitter;bandwidth collaborative
10;Lew26@yahoo.com;methodology open-source Executive;indigo Avon bypassing
